date,tempC,maxtempC,mintempC,WindChillC,FeelsLikeC,visibilityMiles,HeatIndexC,avgtempC,windspeedMiles,winddirDegree,pressure,WindGustMiles,precipMM,totalSnow_cm,sunHour,DewPointC,humidity,uvIndex,fips
2019-01-01,-9,-9,-15,-18,-18,6,-11,-12,9,344,1031,13,0.0,0.0,9.6,-18,56,2,31055
2019-01-02,1,1,-13,-10,-10,6,-6,-5,7,241,1023,14,0.0,0.0,9.6,-11,65,2,31055
2019-01-03,6,6,-7,-3,-3,6,0,1,6,236,1017,16,0.0,0.0,9.6,-5,71,2,31055
2019-01-04,8,8,-3,1,1,6,2,3,5,290,1013,12,0.0,0.0,9.6,-2,74,2,31055
2019-01-05,8,8,-2,2,2,6,2,4,3,282,1016,10,0.0,0.0,9.6,-1,79,2,31055
2019-01-06,3,3,-2,-2,-2,6,1,1,6,132,1017,20,0.0,0.0,4.8,-1,82,1,31055
2019-01-07,11,11,2,2,2,6,4,5,7,285,1008,15,0.0,0.0,9.6,2,78,2,31055
2019-01-08,7,7,0,1,1,6,5,4,9,305,1022,24,0.0,0.0,9.6,-2,70,2,31055
2019-01-09,1,1,-5,-4,-4,6,-1,-1,6,334,1033,13,0.0,0.0,9.6,-8,59,2,31055
2019-01-10,5,5,-5,-3,-3,6,0,1,8,153,1026,14,0.0,0.0,9.6,-6,63,2,31055
2019-01-11,4,4,-1,0,0,4,2,2,5,107,1021,9,1.0,0.3,4.8,-1,82,1,31055
2019-01-12,1,1,-4,-4,-4,1,-1,-1,6,16,1028,14,12.6,10.9,4.8,-3,85,1,31055
2019-01-13,2,2,-3,-2,-2,5,-1,-1,4,137,1031,8,0.0,0.0,6.5,-3,85,1,31055
2019-01-14,3,3,-3,-3,-3,4,1,0,7,213,1026,14,0.0,0.0,9.7,-2,87,2,31055
2019-01-15,4,4,-6,-2,-2,3,1,1,5,213,1019,12,0.0,0.0,9.7,-2,84,1,31055
2019-01-16,2,2,-4,-5,-5,5,-1,-1,8,80,1019,9,0.4,0.3,6.5,-5,73,1,31055
2019-01-17,1,1,-7,-5,-5,5,-3,-3,4,241,1020,4,0.9,0.9,4.9,-5,86,1,31055
2019-01-18,-5,-5,-6,-11,-11,4,-5,-6,11,74,1020,16,0.8,0.2,4.9,-6,92,1,31055
2019-01-19,-9,-9,-14,-18,-18,5,-11,-11,12,355,1030,17,0.0,0.0,9.8,-14,80,1,31055
2019-01-20,-4,-4,-15,-13,-13,6,-9,-9,7,117,1028,10,0.0,0.0,4.9,-14,74,1,31055
2019-01-21,-2,-2,-11,-12,-12,5,-6,-7,11,138,1016,20,1.5,1.3,4.9,-7,86,1,31055
2019-01-22,-4,-4,-8,-13,-13,3,-6,-6,15,356,1015,21,5.5,0.3,4.9,-7,90,1,31055
2019-01-23,-2,-2,-10,-10,-10,4,-6,-6,6,251,1019,13,1.6,1.4,9.9,-9,79,2,31055
2019-01-24,-5,-5,-12,-14,-14,6,-8,-8,12,333,1026,21,0.0,0.0,9.9,-11,75,1,31055
2019-01-25,-4,-4,-12,-13,-13,6,-8,-7,7,291,1023,16,0.0,0.0,5.0,-12,73,1,31055
2019-01-26,0,0,-9,-9,-9,4,-6,-5,6,264,1020,11,1.1,0.7,9.9,-8,79,1,31055
2019-01-27,-1,-1,-9,-7,-7,4,-3,-4,7,174,1016,16,2.0,0.8,5.0,-5,83,1,31055
2019-01-28,-7,-7,-11,-14,-14,6,-7,-9,16,334,1018,28,0.0,0.0,6.6,-11,67,1,31055
2019-01-29,-11,-11,-12,-19,-19,6,-12,-12,12,322,1026,21,0.0,0.0,10.0,-19,56,2,31055
2019-01-30,-16,-16,-21,-26,-26,6,-18,-18,8,286,1033,10,0.2,0.1,5.0,-26,50,1,31055
2019-01-31,-8,-8,-15,-17,-17,6,-11,-11,8,161,1024,12,0.0,0.0,10.0,-16,71,1,31055
2019-02-01,5,5,-12,-7,-7,6,-3,-2,8,174,1020,16,0.0,0.0,10.1,-7,74,2,31055
2019-02-02,8,8,0,2,2,6,5,4,9,198,1011,21,0.2,0.0,5.0,3,89,1,31055
2019-02-03,11,11,6,7,7,3,9,9,8,170,1003,17,0.3,0.0,5.0,7,91,2,31055
2019-02-04,0,0,-12,-9,-9,6,-2,-4,15,343,1014,19,0.0,0.0,10.0,-9,65,2,31055
2019-02-05,-9,-9,-13,-15,-15,6,-10,-11,7,44,1021,8,4.3,1.4,6.7,-15,69,1,31055
2019-02-06,-6,-6,-10,-14,-14,4,-8,-7,8,25,1016,12,0.8,0.4,5.1,-9,93,1,31055
2019-02-07,-12,-12,-13,-22,-22,3,-12,-12,19,319,1021,25,1.6,0.6,5.1,-14,85,1,31055
2019-02-08,-9,-9,-18,-19,-19,6,-13,-14,8,312,1040,13,0.0,0.0,10.2,-20,56,2,31055
2019-02-09,0,0,-13,-14,-14,12,-7,-7,12,151,1035,19,0.0,0.0,10.2,-14,60,2,31055
2019-02-10,-3,-3,-5,-10,-10,6,-4,-4,8,238,1029,11,0.6,0.2,5.1,-8,77,1,31055
2019-02-11,-1,-1,-5,-7,-7,4,-3,-3,8,75,1012,11,3.3,2.6,5.1,-4,92,1,31055
2019-02-12,-5,-5,-7,-12,-12,6,-6,-6,13,315,1015,19,0.0,0.2,10.3,-8,82,2,31055
2019-02-13,3,3,-10,-7,-7,8,-4,-3,7,147,1013,13,0.0,0.0,10.3,-7,76,2,31055
2019-02-14,-3,-3,-8,-11,-11,8,-5,-5,12,331,1009,18,0.0,0.0,8.4,-8,82,1,31055
2019-02-15,-10,-10,-15,-20,-20,6,-12,-12,10,10,1023,10,1.1,0.8,5.2,-15,78,1,31055
2019-02-16,-7,-7,-14,-15,-15,8,-10,-11,6,108,1017,9,5.5,3.1,10.1,-12,80,2,31055
2019-02-17,-7,-7,-9,-13,-13,6,-7,-8,8,330,1018,13,8.3,8.4,5.4,-9,90,1,31055
2019-02-18,-9,-9,-12,-15,-15,6,-9,-10,7,348,1032,11,0.2,0.1,5.4,-11,86,1,31055
2019-02-19,-9,-9,-18,-16,-16,3,-12,-12,6,95,1032,10,3.1,1.4,5.4,-13,87,1,31055
2019-02-20,-4,-4,-8,-9,-9,3,-5,-5,6,241,1014,14,6.0,4.9,7.0,-7,89,1,31055
2019-02-21,-2,-2,-17,-11,-11,6,-8,-9,4,74,1022,9,0.0,0.0,10.1,-10,88,2,31055
2019-02-22,-1,-1,-8,-7,-7,5,-3,-4,7,115,1023,14,0.9,0.2,8.5,-5,83,1,31055
2019-02-23,-1,-1,-4,-7,-7,6,-1,-2,14,131,1008,20,23.9,0.7,5.5,-3,89,1,31055
2019-02-24,-3,-3,-11,-11,-11,6,-5,-6,12,311,1023,24,0.0,0.0,11.0,-9,83,1,31055
2019-02-25,-9,-9,-15,-17,-17,6,-11,-11,8,79,1034,9,0.0,0.0,8.6,-13,78,1,31055
2019-02-26,-6,-6,-16,-14,-14,4,-9,-10,7,63,1030,10,0.3,0.2,5.5,-11,77,1,31055
2019-02-27,-9,-9,-15,-17,-17,6,-11,-11,9,339,1036,13,0.0,0.0,7.1,-15,73,1,31055
2019-02-28,-6,-6,-13,-14,-14,6,-9,-9,6,178,1030,5,0.0,0.0,10.1,-12,80,1,31055
2019-03-01,-8,-8,-16,-15,-15,6,-9,-9,10,198,1024,10,0.0,0.0,7.2,-10,87,1,31055
2019-03-02,-14,-14,-19,-23,-23,4,-14,-16,11,8,1035,15,0.5,0.3,5.8,-16,82,1,31055
2019-03-03,-13,-13,-18,-22,-22,5,-15,-15,8,331,1035,17,0.5,0.5,10.2,-17,81,2,31055
2019-03-04,-11,-11,-18,-22,-22,6,-15,-15,10,293,1031,16,0.0,0.0,11.6,-17,82,2,31055
2019-03-05,-8,-8,-14,-19,-19,6,-12,-11,11,312,1031,18,0.0,0.0,11.6,-14,81,2,31055
2019-03-06,-1,-1,-13,-12,-12,6,-8,-7,5,211,1029,9,0.0,0.0,10.2,-10,85,1,31055
2019-03-07,-1,-1,-6,-9,-9,1,-4,-3,9,99,1023,13,10.0,8.4,5.9,-4,95,1,31055
2019-03-08,0,0,-8,-7,-7,3,-4,-2,6,139,1018,9,0.5,0.1,5.9,-3,98,1,31055
2019-03-09,3,3,-2,-3,-3,4,2,2,14,156,1002,24,11.7,0.4,5.9,1,94,1,31055
2019-03-10,2,2,-5,-6,-6,6,-2,-2,9,300,1023,14,0.0,0.0,11.6,-5,80,2,31055
2019-03-11,3,3,-6,-4,-4,6,-2,-1,4,181,1029,7,0.0,0.0,11.6,-5,79,2,31055
2019-03-12,7,7,-2,-1,-1,4,3,4,10,164,1017,21,2.8,0.0,5.9,2,94,1,31055
2019-03-13,13,13,7,7,7,5,10,11,17,147,994,31,22.9,0.0,7.4,9,90,3,31055
2019-03-14,6,6,2,0,0,4,5,5,21,327,996,29,2.4,0.0,6.0,2,80,2,31055
2019-03-15,7,7,-1,-3,-3,6,2,3,15,311,1025,20,0.0,0.0,11.6,-4,66,2,31055
2019-03-16,10,10,0,1,1,6,4,6,9,287,1028,13,0.0,0.0,11.6,-3,60,3,31055
2019-03-17,9,9,-2,1,1,12,3,4,5,291,1028,7,0.2,0.0,10.2,-3,64,2,31055
2019-03-18,8,8,-1,1,1,12,4,3,5,328,1030,8,0.2,0.0,7.4,-4,59,1,31055
2019-03-19,6,6,2,3,3,5,4,4,4,141,1025,7,6.8,0.0,6.0,-1,72,1,31055
2019-03-20,13,13,0,3,3,5,6,7,11,293,1021,15,0.0,0.0,10.2,1,73,3,31055
2019-03-21,14,14,1,5,5,6,7,7,7,307,1022,10,0.0,0.0,11.6,0,64,3,31055
2019-03-22,14,14,2,6,6,5,8,8,6,78,1023,10,0.0,0.0,11.6,1,64,2,31055
2019-03-23,9,9,5,4,4,4,7,7,10,122,1019,16,14.4,0.0,6.1,3,78,2,31055
2019-03-24,11,11,6,6,6,5,9,9,9,14,1016,13,10.4,0.0,6.1,7,91,2,31055
2019-03-25,10,10,3,4,4,6,6,6,6,25,1027,10,0.2,0.0,6.1,3,84,2,31055
2019-03-26,14,14,4,7,7,6,9,9,9,167,1026,14,0.3,0.0,7.5,5,78,2,31055
2019-03-27,21,21,9,13,13,6,14,15,14,202,1015,22,0.4,0.0,7.5,9,71,4,31055
2019-03-28,14,14,8,8,8,11,11,10,11,41,1018,16,0.1,0.0,10.2,4,66,4,31055
2019-03-29,10,10,5,4,4,10,8,8,12,43,1019,16,3.2,0.0,7.5,2,67,3,31055
2019-03-30,6,6,2,0,0,11,4,4,12,354,1027,16,11.4,0.0,11.6,-4,57,2,31055
2019-03-31,10,10,-2,1,1,6,3,4,7,245,1029,11,0.0,0.0,11.6,-7,47,2,31055
2019-04-01,15,15,1,5,5,6,8,9,9,223,1020,14,0.0,0.0,11.6,-1,54,3,31055
2019-04-02,14,14,0,4,4,6,7,7,9,296,1019,12,0.7,0.0,11.6,0,62,3,31055
2019-04-03,8,8,5,4,4,5,7,7,10,126,1020,15,16.6,0.0,6.2,3,79,2,31055
2019-04-04,9,9,6,5,5,4,7,7,7,61,1018,9,4.2,0.0,6.3,6,89,2,31055
2019-04-05,21,21,6,12,12,4,13,14,9,177,1015,14,0.0,0.0,10.3,9,81,4,31055
2019-04-06,23,23,11,16,16,5,17,18,14,178,1011,20,7.6,0.0,6.3,12,75,4,31055
2019-04-07,21,21,12,16,16,4,17,17,10,313,1010,14,0.9,0.0,10.3,11,73,4,31055
2019-04-08,24,24,11,17,17,6,18,19,10,272,1012,15,0.0,0.0,11.6,7,56,5,31055
2019-04-09,22,22,12,16,16,5,17,17,8,114,1012,12,0.6,0.0,10.3,6,52,4,31055
2019-04-10,11,11,6,6,6,5,10,10,20,88,1002,29,9.6,0.0,6.5,7,82,3,31055
2019-04-11,11,11,0,2,2,5,7,9,18,216,992,26,6.3,0.0,6.7,3,80,2,31055
2019-04-12,6,6,-1,-3,-3,4,2,3,18,281,1008,23,0.2,0.0,8.0,-4,63,1,31055
2019-04-13,11,11,-1,2,2,6,5,6,10,225,1020,14,0.0,0.0,11.6,-3,58,3,31055
2019-04-14,12,12,0,4,4,6,6,6,6,208,1014,9,0.0,0.0,11.6,-2,61,3,31055
2019-04-15,22,22,5,12,12,6,14,14,11,186,1007,16,0.1,0.0,11.6,6,61,4,31055
2019-04-16,22,22,11,16,16,5,17,18,10,82,1008,16,2.7,0.0,8.0,11,72,4,31055
2019-04-17,20,20,11,17,17,5,17,19,14,273,1003,19,7.0,0.0,6.8,13,79,4,31055
2019-04-18,16,16,7,9,9,6,11,12,14,339,1012,19,2.0,0.0,9.2,4,64,3,31055
2019-04-19,17,17,5,10,10,6,12,12,8,343,1018,12,0.0,0.0,11.6,1,54,4,31055
2019-04-20,25,25,8,15,15,6,17,17,10,194,1010,17,0.0,0.0,11.6,5,48,5,31055
2019-04-21,26,26,15,20,20,6,21,21,14,178,1005,22,1.0,0.0,11.6,12,61,5,31055
2019-04-22,15,15,10,13,13,5,14,14,14,319,1012,21,9.1,0.0,6.9,11,82,3,31055
2019-04-23,19,19,6,11,11,6,12,13,8,43,1019,12,0.0,0.0,11.6,4,60,4,31055
2019-04-24,23,23,9,16,16,6,17,17,4,230,1011,7,0.0,0.0,11.6,6,55,5,31055
2019-04-25,21,21,13,15,15,6,16,17,13,117,1012,19,1.2,0.0,10.4,6,54,4,31055
2019-04-26,18,18,7,12,12,6,13,14,9,269,1018,14,0.0,0.0,11.6,-1,39,4,31055
2019-04-27,14,14,5,8,8,6,11,11,13,352,1010,18,2.1,0.0,7.0,5,69,3,31055
2019-04-28,15,15,1,5,5,5,8,9,13,152,1015,16,2.9,0.0,10.4,2,68,2,31055
2019-04-29,16,16,8,10,10,5,12,12,12,327,1016,15,7.1,0.0,11.6,4,65,4,31055
2019-04-30,12,12,8,7,7,4,9,10,10,63,1017,14,2.0,0.0,7.0,5,77,2,31055
2019-05-01,13,13,7,8,8,4,10,11,7,146,1016,9,0.6,0.0,7.0,7,81,3,31055
2019-05-02,17,17,4,9,9,6,11,11,5,142,1021,8,0.0,0.0,11.6,2,60,4,31055
2019-05-03,19,19,8,13,13,6,14,15,8,179,1017,11,0.0,0.0,9.3,6,63,3,31055
2019-05-04,21,21,9,14,14,4,15,17,7,212,1014,12,1.3,0.0,11.6,10,73,5,31055
2019-05-05,23,23,12,17,17,5,19,18,8,197,1008,13,9.8,0.0,7.0,13,76,4,31055
2019-05-06,18,18,11,13,13,5,14,15,12,47,1015,17,7.4,0.0,7.1,9,75,3,31055
2019-05-07,11,11,4,7,7,5,10,10,12,71,1020,16,9.0,0.0,7.1,8,84,2,31055
2019-05-08,13,13,6,9,9,5,11,12,12,254,1008,17,13.8,0.0,7.1,10,90,3,31055
2019-05-09,10,10,5,4,4,6,8,8,14,350,1017,19,0.2,0.0,7.1,3,73,2,31055
2019-05-10,17,17,4,9,9,6,10,12,5,277,1021,8,0.0,0.0,11.6,3,62,4,31055
2019-05-11,18,18,7,11,11,5,12,14,10,178,1013,14,16.3,0.0,9.4,7,75,3,31055
2019-05-12,15,15,9,10,10,5,11,12,6,34,1010,8,20.4,0.0,7.1,8,81,3,31055
2019-05-13,21,21,7,13,13,4,15,15,8,173,1013,12,0.0,0.0,11.6,9,74,5,31055
2019-05-14,28,28,13,19,19,5,21,21,9,236,1011,13,9.9,0.0,10.5,13,70,5,31055
2019-05-15,28,28,15,21,22,5,22,23,8,127,1012,12,0.5,0.0,11.6,16,73,6,31055
2019-05-16,32,32,18,25,26,6,26,26,10,218,1005,16,1.2,0.0,11.6,17,65,7,31055
2019-05-17,30,30,20,24,25,5,25,25,15,179,1002,23,0.8,0.0,10.5,18,71,6,31055
2019-05-18,26,26,21,23,25,5,25,24,11,202,1000,17,2.8,0.0,11.6,17,72,5,31055
2019-05-19,14,14,9,10,10,6,13,13,13,311,1010,18,0.0,0.0,7.2,8,74,3,31055
2019-05-20,14,14,5,7,7,5,10,11,11,90,1019,14,1.0,0.0,9.4,5,75,3,31055
2019-05-21,10,10,2,5,5,4,9,9,19,77,1005,27,20.8,0.0,7.2,8,90,2,31055
2019-05-22,21,21,9,13,13,6,15,15,14,225,1002,21,0.0,0.0,13.4,8,70,5,31055
2019-05-23,22,22,9,15,15,5,16,16,6,254,1018,10,7.0,0.0,14.5,8,66,5,31055
2019-05-24,27,27,15,21,22,5,22,23,10,237,1011,15,19.5,0.0,12.4,15,75,5,31055
2019-05-25,25,25,15,20,20,6,21,21,7,12,1012,11,0.0,0.0,14.5,13,68,6,31055
2019-05-26,26,26,15,20,20,5,21,21,9,97,1014,14,13.0,0.0,13.5,16,76,6,31055
2019-05-27,28,28,20,24,25,5,25,24,13,220,1005,21,36.5,0.0,10.4,19,81,5,31055
2019-05-28,20,20,13,15,15,4,16,16,12,92,1005,20,35.0,0.0,9.3,14,91,4,31055
2019-05-29,19,19,13,15,15,4,16,17,9,315,1007,11,2.1,0.0,9.3,13,84,4,31055
2019-05-30,25,25,11,18,18,5,20,19,8,338,1009,11,0.2,0.0,13.5,11,68,5,31055
2019-05-31,29,29,16,22,23,6,23,24,7,248,1013,12,0.0,0.0,14.5,14,63,6,31055
2019-06-01,25,25,17,21,22,6,22,22,11,337,1012,17,0.0,0.0,14.5,14,68,6,31055
2019-06-02,25,25,13,19,19,6,20,20,5,76,1016,9,0.0,0.0,14.5,10,60,6,31055
2019-06-03,25,25,15,20,20,6,21,20,11,165,1014,16,2.2,0.0,10.4,14,72,5,31055
2019-06-04,29,29,20,23,25,4,25,25,9,197,1007,17,47.7,0.0,9.4,21,82,5,31055
2019-06-05,31,31,20,25,27,6,27,27,8,237,1008,12,0.0,0.0,14.5,17,63,7,31055
2019-06-06,30,30,21,25,26,5,26,26,5,85,1010,8,3.3,0.0,12.5,18,68,6,31055
2019-06-07,30,30,20,25,26,6,26,26,7,137,1011,10,1.1,0.0,14.5,18,71,7,31055
2019-06-08,29,29,19,24,25,6,25,24,8,159,1012,13,0.0,0.0,14.5,18,73,6,31055
2019-06-09,19,19,14,17,17,10,17,16,13,345,1020,20,23.3,0.0,11.4,12,74,4,31055
2019-06-10,24,24,12,18,18,6,19,20,7,288,1026,12,0.0,0.0,14.5,8,54,5,31055
2019-06-11,24,24,15,19,19,8,20,21,10,214,1018,16,8.1,0.0,13.5,11,60,5,31055
2019-06-12,21,21,12,16,16,11,17,18,12,347,1017,18,0.0,0.0,14.5,10,67,5,31055
2019-06-13,24,24,10,17,17,12,18,19,7,206,1018,11,0.2,0.0,14.5,9,62,5,31055
2019-06-14,24,24,15,19,19,11,20,20,14,200,1007,22,8.3,0.0,9.4,16,81,4,31055
2019-06-15,29,29,19,24,25,9,25,25,6,193,1004,10,12.0,0.0,11.5,19,80,6,31055
2019-06-16,26,26,17,22,22,11,22,23,6,7,1011,10,0.0,0.0,15.5,17,74,6,31055
2019-06-17,20,20,12,18,18,11,18,19,4,186,1013,7,6.2,0.0,14.5,17,89,4,31055
2019-06-18,21,21,17,18,18,11,19,19,6,132,1013,9,18.5,0.0,12.6,17,94,4,31055
2019-06-19,23,23,15,19,19,4,20,20,5,50,1008,8,0.4,0.0,13.6,16,83,5,31055
2019-06-20,27,27,15,21,22,5,22,22,8,214,1005,12,1.1,0.0,15.5,18,83,5,31055
2019-06-21,25,25,19,22,23,4,23,22,10,118,1006,15,28.8,0.0,11.6,20,92,5,31055
2019-06-22,29,29,19,23,24,4,24,23,9,131,1009,14,11.7,0.0,11.6,21,93,5,31055
2019-06-23,25,25,19,21,21,5,22,21,9,183,1008,13,10.4,0.0,11.6,19,92,5,31055
2019-06-24,25,25,14,19,19,6,20,20,10,257,1007,14,0.2,0.0,15.5,15,78,4,31055
2019-06-25,27,27,16,22,23,6,23,22,7,320,1010,12,1.9,0.0,15.5,17,77,5,31055
2019-06-26,31,31,17,24,27,5,27,26,9,179,1014,14,5.2,0.0,15.5,21,85,6,31055
2019-06-27,31,31,22,26,30,6,30,28,13,183,1014,21,0.4,0.0,15.5,23,84,7,31055
2019-06-28,32,32,22,26,30,6,30,27,6,206,1014,11,0.0,0.0,15.5,22,76,7,31055
2019-06-29,33,33,24,28,34,4,34,29,8,153,1015,12,0.0,0.0,15.5,25,85,7,31055
2019-06-30,33,33,23,28,33,5,33,29,9,203,1014,14,0.0,0.0,15.5,24,81,7,31055
2019-07-01,31,31,22,26,29,5,29,27,9,196,1013,15,0.6,0.0,15.5,22,81,7,31055
2019-07-02,30,30,21,26,29,5,29,27,5,253,1011,8,5.6,0.0,14.5,22,81,6,31055
2019-07-03,30,30,21,25,28,5,28,27,7,135,1009,11,15.0,0.0,14.5,22,83,6,31055
2019-07-04,29,29,20,25,28,4,28,26,6,175,1011,9,4.1,0.0,11.6,22,85,6,31055
2019-07-05,27,27,21,23,25,4,25,24,7,164,1015,11,3.7,0.0,14.5,21,87,5,31055
2019-07-06,27,27,19,22,23,5,23,23,8,22,1019,12,0.4,0.0,12.5,20,87,5,31055
2019-07-07,26,26,18,22,24,4,24,23,6,117,1017,10,0.2,0.0,15.4,19,85,5,31055
2019-07-08,27,27,20,24,25,3,25,25,9,151,1014,14,6.0,0.0,12.5,22,90,5,31055
2019-07-09,31,31,21,26,30,5,30,26,10,211,1010,15,5.0,0.0,10.2,23,87,6,31055
2019-07-10,26,26,17,22,23,6,23,23,10,310,1017,16,0.7,0.0,11.6,18,77,6,31055
2019-07-11,27,27,17,22,23,6,23,23,6,22,1018,10,0.0,0.0,11.6,17,79,6,31055
2019-07-12,29,29,18,24,26,4,26,25,8,177,1013,12,0.0,0.0,11.6,20,83,6,31055
2019-07-13,30,30,21,25,28,6,28,26,7,186,1014,10,1.0,0.0,11.6,21,80,7,31055
2019-07-14,30,30,20,25,28,6,28,27,8,186,1015,13,0.0,0.0,11.6,22,81,7,31055
2019-07-15,30,30,22,26,29,6,29,27,12,175,1012,18,0.0,0.0,10.5,23,85,6,31055
2019-07-16,31,31,21,26,29,4,29,26,7,183,1011,11,0.6,0.0,10.5,22,85,6,31055
2019-07-17,33,33,22,27,32,5,32,28,12,164,1008,19,0.3,0.0,11.6,24,81,7,31055
2019-07-18,34,34,21,28,33,6,33,29,9,212,1004,14,0.0,0.0,11.6,23,77,7,31055
2019-07-19,34,34,24,29,35,6,35,30,11,194,1005,19,0.0,0.0,11.6,23,71,8,31055
2019-07-20,33,33,23,29,32,5,32,29,11,188,1007,17,4.6,0.0,11.6,22,73,6,31055
2019-07-21,23,23,18,20,20,3,21,21,9,29,1016,13,11.4,0.0,7.2,19,91,5,31055
2019-07-22,24,24,15,20,20,6,21,20,10,5,1023,15,0.0,0.0,11.6,16,81,6,31055
2019-07-23,25,25,14,19,19,5,20,20,4,243,1024,6,0.0,0.0,11.6,15,78,6,31055
2019-07-24,25,25,15,20,20,6,21,21,6,182,1021,10,0.0,0.0,11.6,15,77,6,31055
2019-07-25,24,24,17,20,20,6,21,20,12,165,1017,21,0.4,0.0,9.4,16,76,5,31055
2019-07-26,29,29,18,24,26,6,26,24,12,209,1016,19,0.0,0.0,11.6,18,71,6,31055
2019-07-27,30,30,19,24,26,6,26,25,8,205,1016,14,0.4,0.0,9.4,19,75,6,31055
2019-07-28,30,30,20,25,27,5,27,26,10,189,1012,16,7.9,0.0,11.6,19,73,7,31055
2019-07-29,27,27,17,22,24,5,24,23,8,337,1015,13,3.7,0.0,11.6,18,79,6,31055
2019-07-30,23,23,16,19,19,4,20,20,6,116,1018,10,2.8,0.0,9.4,17,85,5,31055
2019-07-31,27,27,16,21,21,5,22,22,11,140,1017,17,3.1,0.0,9.4,18,83,5,31055
2019-08-01,27,27,18,22,23,6,23,23,9,130,1018,14,0.1,0.0,9.4,18,79,6,31055
2019-08-02,23,23,15,19,19,6,20,20,8,125,1018,12,2.6,0.0,7.1,18,88,5,31055
2019-08-03,25,25,18,21,21,5,22,21,6,128,1017,10,13.7,0.0,9.3,19,86,5,31055
2019-08-04,29,29,18,23,25,6,25,25,6,179,1016,9,0.2,0.0,9.3,19,77,5,31055
2019-08-05,30,30,20,24,26,6,26,25,7,211,1013,12,0.8,0.0,11.6,20,81,6,31055
2019-08-06,28,28,18,23,24,5,24,24,6,126,1013,10,0.0,0.0,11.6,18,75,6,31055
2019-08-07,31,31,18,24,26,6,26,26,4,174,1010,7,0.2,0.0,11.6,19,73,7,31055
2019-08-08,26,26,19,23,24,6,24,23,7,71,1013,11,0.4,0.0,7.0,19,82,5,31055
2019-08-09,29,29,17,22,24,5,24,23,7,134,1014,11,0.1,0.0,10.5,19,82,5,31055
2019-08-10,31,31,21,25,29,5,29,27,9,193,1011,15,7.7,0.0,9.3,23,86,6,31055
2019-08-11,30,30,22,25,28,5,28,25,4,172,1013,7,9.0,0.0,7.0,23,89,6,31055
2019-08-12,29,29,21,24,26,5,26,25,11,264,1008,16,16.4,0.0,9.3,22,89,6,31055
2019-08-13,28,28,18,23,25,4,25,25,8,313,1014,13,0.1,0.0,11.6,18,76,6,31055
2019-08-14,25,25,14,20,20,6,21,20,7,326,1019,11,0.0,0.0,11.6,15,78,6,31055
2019-08-15,25,25,16,19,19,5,20,20,5,175,1015,7,2.0,0.0,8.1,17,89,5,31055
2019-08-16,28,28,17,22,23,4,23,23,4,29,1011,8,0.2,0.0,9.3,17,79,5,31055
2019-08-17,27,27,17,22,24,6,24,23,7,155,1007,12,1.5,0.0,10.4,19,85,5,31055
2019-08-18,22,22,17,21,21,6,22,21,8,227,1009,12,2.2,0.0,8.1,19,87,5,31055
2019-08-19,28,28,17,23,25,4,25,24,7,132,1014,10,0.2,0.0,11.6,20,83,6,31055
2019-08-20,34,34,21,28,31,6,31,28,6,212,1012,10,0.9,0.0,11.6,22,77,7,31055
2019-08-21,21,21,9,18,18,5,19,19,9,157,1016,14,13.2,0.0,6.9,18,92,4,31055
2019-08-22,26,26,14,20,20,4,20,21,7,101,1016,12,0.1,0.0,11.6,17,84,6,31055
2019-08-23,26,26,16,21,21,4,21,22,10,125,1017,15,0.0,0.0,11.6,18,84,6,31055
2019-08-24,25,25,15,20,20,6,21,21,13,134,1018,19,0.1,0.0,9.2,17,81,5,31055
2019-08-25,24,24,16,20,20,6,22,21,11,158,1011,16,1.1,0.0,6.8,17,84,5,31055
2019-08-26,19,19,13,17,17,4,18,19,7,137,1008,11,11.2,0.0,8.0,17,93,4,31055
2019-08-27,24,24,13,18,18,6,19,20,11,297,1015,19,0.0,0.0,11.6,12,68,6,31055
2019-08-28,25,25,12,18,18,6,19,20,7,262,1017,12,0.1,0.0,11.6,12,68,6,31055
2019-08-29,31,31,18,23,25,6,25,25,10,278,1013,17,4.3,0.0,9.2,18,76,6,31055
2019-08-30,25,25,14,19,19,6,20,20,9,85,1019,14,1.2,0.0,11.6,13,69,6,31055
2019-08-31,25,25,15,20,20,6,21,20,8,157,1020,13,0.3,0.0,10.3,14,74,5,31055
2019-09-01,28,28,14,21,22,4,22,23,7,200,1018,11,0.3,0.0,10.3,17,83,6,31055
2019-09-02,31,31,18,24,26,4,26,25,12,166,1014,18,0.3,0.0,9.1,20,83,5,31055
2019-09-03,30,30,22,25,27,6,27,27,12,337,1012,19,0.7,0.0,9.1,17,61,6,31055
2019-09-04,26,26,13,19,19,6,20,20,6,155,1020,10,0.0,0.0,10.3,13,69,5,31055
2019-09-05,33,33,16,24,26,6,26,26,10,212,1014,15,1.6,0.0,10.3,18,73,6,31055
2019-09-06,28,28,16,22,22,6,22,22,9,10,1018,15,0.0,0.0,10.3,14,64,5,31055
2019-09-07,26,26,15,20,20,6,21,22,9,154,1015,13,2.4,0.0,9.0,15,71,5,31055
2019-09-08,26,26,17,21,22,4,22,22,7,139,1013,9,3.3,0.0,9.0,18,86,5,31055
2019-09-09,27,27,16,21,22,5,22,23,13,174,1011,20,8.0,0.0,6.4,19,84,5,31055
2019-09-10,31,31,19,24,25,5,25,26,8,195,1012,15,8.3,0.0,10.3,20,80,6,31055
2019-09-11,31,31,21,26,28,6,28,27,14,187,1012,23,1.0,0.0,11.6,21,75,7,31055
2019-09-12,26,26,19,22,24,5,24,23,12,251,1012,21,6.6,0.0,8.9,18,76,5,31055
2019-09-13,25,25,14,18,18,6,19,20,12,293,1019,18,0.0,0.0,11.6,10,60,5,31055
2019-09-14,29,29,16,22,23,5,23,24,12,201,1016,18,5.7,0.0,7.5,17,71,5,31055
2019-09-15,0,0,0,23,23,6,25,0,6,0,1015,14,0.0,0.0,11.6,16,65,2,31055
2019-09-16,31,31,0,25,25,6,27,8,10,192,1014,16,2.2,0.0,11.6,19,69,3,31055
2019-09-17,32,32,22,27,28,6,28,28,15,185,1012,24,2.3,0.0,11.6,19,66,7,31055
2019-09-18,32,32,23,27,29,5,29,28,12,214,1011,18,10.8,0.0,10.2,20,68,6,31055
2019-09-19,30,30,20,24,26,4,26,26,7,151,1013,12,33.4,0.0,6.1,21,85,6,31055
2019-09-20,29,29,20,24,25,5,25,25,12,166,1012,19,5.1,0.0,10.2,20,82,6,31055
2019-09-21,31,31,21,25,27,5,27,27,13,212,1008,19,5.8,0.0,10.2,21,79,6,31055
2019-09-22,19,19,15,16,16,5,17,16,6,230,1012,9,8.4,0.0,8.8,13,81,4,31055
2019-09-23,26,26,13,19,19,6,19,20,7,203,1016,11,0.0,0.0,11.6,13,72,6,31055
2019-09-24,29,29,17,22,23,5,23,24,12,204,1008,19,9.0,0.0,7.4,18,76,5,31055
2019-09-25,23,23,14,18,18,6,18,20,8,336,1011,13,0.0,0.0,11.6,9,59,5,31055
2019-09-26,22,22,12,17,17,6,18,18,10,192,1013,15,0.0,0.0,11.6,8,56,5,31055
2019-09-27,23,23,16,20,20,4,20,21,11,235,1004,17,0.8,0.0,8.8,15,76,5,31055
2019-09-28,20,20,10,14,14,5,15,16,11,66,1016,16,0.3,0.0,8.8,10,72,4,31055
2019-09-29,28,28,16,22,23,6,23,23,13,157,1012,20,1.4,0.0,6.0,19,86,5,31055
2019-09-30,30,30,23,26,28,6,28,27,17,200,1008,26,1.9,0.0,11.6,21,78,6,31055
2019-10-01,23,23,14,20,20,4,22,21,9,272,1009,15,48.2,0.0,5.9,19,92,5,31055
2019-10-02,16,16,12,12,12,4,13,13,9,36,1015,12,5.2,0.0,5.9,11,93,3,31055
2019-10-03,14,14,4,6,6,6,9,10,9,336,1025,13,0.0,0.0,11.6,4,76,3,31055
2019-10-04,11,11,5,7,7,6,9,9,9,134,1026,14,1.3,0.0,8.7,6,82,2,31055
2019-10-05,19,19,11,13,13,5,14,17,14,286,1013,21,6.4,0.0,10.2,9,73,4,31055
2019-10-06,20,20,9,12,12,6,14,15,8,278,1021,13,0.0,0.0,10.1,3,52,4,31055
2019-10-07,21,21,8,13,13,6,14,15,8,228,1022,14,0.0,0.0,11.3,3,51,5,31055
2019-10-08,20,20,9,13,13,6,14,16,15,180,1016,24,0.0,0.0,11.3,7,61,5,31055
2019-10-09,20,20,13,15,15,5,16,17,16,169,1009,23,0.5,0.0,7.1,11,72,4,31055
2019-10-10,16,16,3,9,9,4,11,13,13,202,1009,18,11.6,0.0,5.6,10,89,3,31055
2019-10-11,7,7,-1,-3,-3,6,2,3,17,288,1020,22,0.0,0.0,10.1,-5,59,1,31055
2019-10-12,14,14,0,4,4,6,7,8,13,270,1014,20,0.0,0.0,11.2,-5,48,3,31055
2019-10-13,13,13,2,4,4,6,6,8,9,294,1014,14,0.0,0.0,11.1,-3,53,3,31055
2019-10-14,18,18,2,8,8,6,10,11,9,158,1014,15,0.0,0.0,11.1,5,72,4,31055
2019-10-15,14,14,9,9,9,6,12,11,16,324,1015,23,0.0,0.0,11.1,3,63,4,31055
2019-10-16,13,13,4,6,6,6,8,8,7,294,1021,11,0.0,0.0,11.0,2,67,3,31055
2019-10-17,18,18,6,9,9,6,11,12,11,158,1012,18,0.0,0.0,11.0,5,65,4,31055
2019-10-18,24,24,12,15,15,6,16,18,17,183,1002,25,0.0,0.0,11.0,8,61,5,31055
2019-10-19,19,19,10,13,13,5,15,15,7,306,1008,11,6.2,0.0,11.0,5,57,5,31055
2019-10-20,17,17,9,11,11,6,12,14,13,155,1004,21,3.7,0.0,5.5,6,65,3,31055
2019-10-21,12,12,7,5,5,6,9,10,18,285,1001,25,2.3,0.0,7.0,3,67,2,31055
2019-10-22,0,0,8,7,7,6,8,0,6,0,1012,12,0.0,0.0,10.9,-1,53,2,31055
2019-10-23,16,16,8,10,10,6,12,13,12,304,1012,18,0.2,0.0,10.1,2,60,4,31055
2019-10-24,9,9,2,2,2,6,5,6,8,235,1029,11,0.1,0.0,10.1,-3,57,2,31055
2019-10-25,13,13,1,4,4,6,7,8,8,199,1026,14,0.0,0.0,10.8,-4,51,3,31055
2019-10-26,14,14,2,5,5,6,7,9,9,184,1011,16,0.0,0.0,10.8,-1,56,3,31055
2019-10-27,7,7,3,1,1,6,5,6,13,350,1016,19,0.0,0.0,6.9,-1,63,2,31055
2019-10-28,4,4,-2,-3,-3,4,0,1,8,343,1023,11,0.7,0.4,8.5,-8,55,1,31055
2019-10-29,5,5,-3,-1,-1,5,1,2,5,194,1026,6,0.0,0.1,5.4,-5,67,1,31055
2019-10-30,-1,-1,-6,-7,-7,3,-2,-2,12,240,1029,15,5.4,4.6,5.3,-8,63,1,31055
2019-10-31,5,5,-6,-5,-5,6,0,1,9,278,1023,14,0.0,0.0,10.7,-10,49,2,31055
2019-11-01,7,7,-1,-1,-1,6,3,4,10,315,1023,17,0.1,0.0,5.3,-2,69,1,31055
2019-11-02,10,10,0,0,0,6,4,5,10,274,1025,16,0.0,0.0,10.6,-4,59,3,31055
2019-11-03,11,11,2,4,4,6,6,7,6,209,1015,12,0.0,0.0,6.9,-3,53,2,31055
2019-11-04,10,10,4,3,3,6,6,7,9,328,1019,14,0.0,0.0,8.4,0,68,2,31055
2019-11-05,8,8,-1,1,1,6,3,4,7,159,1026,11,0.0,0.0,5.1,-3,64,1,31055
2019-11-06,7,7,-2,-1,-1,6,4,5,12,132,1027,18,0.0,0.0,10.0,-1,75,3,31055
2019-11-07,2,2,-9,-8,-8,6,-4,-3,7,195,1037,12,0.0,0.0,10.1,-16,39,2,31055
2019-11-08,8,8,-5,-4,-4,6,1,3,12,196,1026,19,0.0,0.0,10.1,-11,42,2,31055
2019-11-09,17,17,3,8,8,6,10,11,8,257,1014,14,0.0,0.0,10.1,1,57,4,31055
2019-11-10,7,7,-2,0,0,6,4,5,12,35,1020,17,0.0,0.0,10.0,0,71,3,31055
2019-11-11,-7,-7,-13,-16,-16,4,-8,-7,15,343,1038,21,6.4,1.6,10.0,-11,78,2,31055
2019-11-12,-4,-4,-16,-17,-17,6,-10,-10,11,184,1033,17,0.0,0.0,10.0,-14,74,2,31055
2019-11-13,2,2,-6,-7,-7,6,-2,-1,10,265,1017,16,0.2,0.0,5.0,-6,73,1,31055
2019-11-14,7,7,-4,-3,-3,6,0,1,6,306,1027,11,0.0,0.0,10.0,-4,72,2,31055
2019-11-15,14,14,0,3,3,6,6,7,10,177,1025,17,0.0,0.0,9.9,-2,61,3,31055
2019-11-16,14,14,5,5,5,6,9,9,14,173,1018,21,0.0,0.0,9.9,0,57,2,31055
2019-11-17,10,10,4,5,5,6,8,9,9,316,1016,13,0.0,0.0,9.9,2,68,3,31055
2019-11-18,15,15,3,6,6,6,8,9,8,277,1008,15,0.0,0.0,6.6,2,67,2,31055
2019-11-19,16,16,5,9,9,6,11,11,7,291,1011,13,0.0,0.0,9.9,3,67,4,31055
2019-11-20,16,16,7,9,9,6,11,11,13,150,1009,21,2.3,0.0,8.3,6,72,3,31055
2019-11-21,6,6,-1,1,1,6,5,5,16,336,1016,21,2.7,0.0,8.3,0,70,1,31055
2019-11-22,4,4,-4,-3,-3,5,0,1,5,248,1024,7,0.4,0.0,9.8,-9,52,2,31055
2019-11-23,8,8,-2,-1,-1,5,2,3,9,296,1014,14,0.4,0.4,9.8,-3,68,2,31055
2019-11-24,15,15,3,5,5,6,8,9,8,265,1007,15,0.0,0.0,8.7,-1,57,3,31055
2019-11-25,12,12,5,6,6,6,8,9,9,322,1005,15,0.0,0.0,8.7,-2,51,3,31055
2019-11-26,3,3,0,-3,-3,3,2,2,15,46,1005,21,13.0,0.0,3.5,-1,79,1,31055
2019-11-27,-2,-2,-6,-9,-9,6,-4,-2,7,325,1030,12,0.0,0.0,8.7,-5,91,1,31055
2019-11-28,-1,-1,-6,-7,-7,3,-3,-3,7,133,1032,11,1.7,1.2,3.5,-4,93,1,31055
2019-11-29,2,2,-6,-4,-4,3,0,1,10,129,1021,15,2.3,0.4,3.5,0,97,1,31055
2019-11-30,9,9,2,1,1,5,5,7,14,189,995,22,0.4,0.0,8.7,2,86,3,31055
2019-12-01,-1,-1,-4,-9,-9,4,-2,-2,23,325,1011,30,2.5,1.9,3.5,-5,80,1,31055
2019-12-02,3,3,-7,-7,-7,6,-3,-2,8,217,1021,13,0.0,0.0,8.7,-7,74,2,31055
2019-12-03,8,8,0,-1,-1,6,3,5,10,295,1013,18,0.0,0.0,8.7,-1,77,2,31055
2019-12-04,9,9,1,1,1,6,4,5,8,299,1014,14,0.0,0.0,8.7,1,78,3,31055
2019-12-05,11,11,2,4,4,6,6,7,8,261,1014,12,0.0,0.0,8.7,1,77,3,31055
2019-12-06,3,3,-3,-5,-5,6,0,-1,9,54,1029,13,0.0,0.0,8.7,-7,64,2,31055
2019-12-07,9,9,-1,-1,-1,6,3,4,13,195,1020,22,0.0,0.0,8.7,-4,58,1,31055
2019-12-08,9,9,3,3,3,6,5,6,6,158,1008,11,0.0,0.0,5.2,1,75,2,31055
2019-12-09,-4,-4,-9,-10,-10,5,-4,-7,13,331,1013,17,1.3,0.7,5.2,-8,72,1,31055
2019-12-10,-7,-7,-9,-13,-13,6,-8,-8,9,318,1027,13,0.0,0.0,8.7,-12,73,2,31055
2019-12-11,-2,-2,-8,-10,-10,6,-5,-4,10,69,1027,17,0.0,0.0,8.7,-8,78,2,31055
2019-12-12,4,4,-3,-2,-2,6,1,2,8,307,1017,14,0.0,0.0,8.7,-1,84,2,31055
2019-12-13,5,5,-5,-4,-4,6,0,1,6,230,1012,11,0.0,0.0,8.7,-3,81,2,31055
2019-12-14,-7,-7,-10,-14,-14,6,-7,-8,12,344,1018,15,0.0,0.0,8.7,-11,72,2,31055
2019-12-15,0,0,-9,-9,-9,6,-9,0,1,0,1022,2,0.0,1.4,3.4,-10,94,2,31055
2019-12-16,-2,-2,-10,-10,-10,6,-6,-5,4,337,1024,7,0.0,0.0,5.2,-8,88,1,31055
2019-12-17,2,2,-7,-8,-8,6,-4,-3,7,266,1025,13,0.0,0.0,8.7,-6,83,2,31055
2019-12-18,2,2,-8,-8,-8,4,-4,-3,8,190,1024,14,0.0,0.0,8.7,-6,87,2,31055
2019-12-19,6,6,-2,-2,-2,6,1,1,9,178,1020,16,0.0,0.0,6.9,-5,69,1,31055
2019-12-20,6,6,0,-1,-1,6,2,3,6,234,1024,12,0.0,0.0,8.7,-4,66,2,31055
2019-12-21,9,9,-1,0,0,6,3,4,8,200,1025,14,0.0,0.0,8.7,-3,65,2,31055
2019-12-22,11,11,1,1,1,6,5,6,11,205,1019,20,0.0,0.0,8.7,-3,57,3,31055
2019-12-23,9,9,2,2,2,6,5,6,7,181,1016,14,0.0,0.0,4.8,-1,65,2,31055
2019-12-24,11,11,4,4,4,6,6,7,7,183,1010,14,0.0,0.0,6.5,2,75,2,31055
2019-12-25,13,13,7,8,8,6,10,10,7,193,1006,12,0.0,0.0,9.5,3,70,4,31055
2019-12-26,4,4,-2,-4,-4,6,0,1,7,314,1018,11,0.0,0.0,9.5,-4,72,2,31055
2019-12-27,5,5,-2,-2,-2,6,1,2,6,169,1024,9,0.0,0.0,9.5,-5,69,2,31055
2019-12-28,8,8,1,1,1,4,4,5,8,89,1008,13,71.5,0.0,4.8,4,98,1,31055
2019-12-29,1,1,-5,-6,-6,4,-1,0,14,280,1000,18,4.9,0.7,4.8,-2,87,1,31055
2019-12-30,-2,-2,-5,-11,-11,3,-3,-3,19,315,1009,26,1.0,0.0,4.8,-7,76,1,31055
2019-12-31,0,0,-4,-8,-8,6,-3,-2,11,301,1015,16,0.0,0.0,9.6,-6,79,1,31055
2020-01-01,6,6,-3,-3,-3,6,1,2,11,219,1003,19,0.1,0.0,8.2,-4,71,1,31055
2020-01-02,7,7,0,0,0,5,3,4,7,332,1002,12,0.2,0.0,9.6,1,86,1,31055
2020-01-03,3,3,-2,-4,-4,5,1,2,11,298,1014,16,0.2,0.0,6.5,-2,80,1,31055
2020-01-04,6,6,-3,-4,-4,6,0,1,11,219,1021,16,0.0,0.0,9.6,-5,68,2,31055
2020-01-05,6,6,0,-1,-1,6,3,4,12,314,1022,21,0.0,0.0,9.6,-3,68,2,31055
2020-01-06,6,6,-1,-1,-1,5,2,2,6,211,1022,10,0.0,0.0,9.6,-3,74,2,31055
2020-01-07,7,7,-2,-1,-1,6,3,3,10,260,1022,15,0.0,0.0,9.6,-4,71,2,31055
2020-01-08,3,3,-3,-6,-6,6,0,-1,14,123,1021,20,0.0,0.0,9.6,-7,64,2,31055
2020-01-09,6,6,0,0,0,6,4,6,12,270,1007,21,0.0,0.0,8.2,0,75,2,31055
2020-01-10,-2,-2,-12,-11,-11,4,-5,-4,15,11,1022,19,10.5,0.0,4.8,-8,78,1,31055
2020-01-11,-7,-7,-13,-17,-17,6,-10,-10,11,123,1024,15,0.0,0.0,9.7,-17,58,2,31055
2020-01-12,-4,-4,-11,-12,-12,4,-7,-7,6,144,1021,9,1.7,1.2,4.8,-9,86,1,31055
2020-01-13,2,2,-7,-7,-7,3,-3,-2,9,154,1019,14,0.0,0.0,6.5,-4,92,1,31055
2020-01-14,2,2,-4,-5,-5,6,-1,-1,7,138,1020,12,0.0,0.0,9.7,-6,72,2,31055
2020-01-15,-1,-1,-13,-12,-12,5,-5,-4,13,330,1026,16,0.2,0.0,9.7,-9,75,1,31055
2020-01-16,-9,-9,-16,-19,-19,6,-13,-13,7,178,1044,10,0.0,0.0,9.7,-19,58,1,31055
2020-01-17,0,0,-10,-10,-10,2,-4,-3,17,148,1024,25,19.0,1.9,4.9,-5,89,1,31055
2020-01-18,-9,-9,-12,-16,-16,4,-8,-9,17,312,1023,25,0.0,0.1,9.8,-10,82,1,31055
2020-01-19,-15,-15,-19,-25,-25,6,-17,-17,10,327,1039,15,0.0,0.0,9.8,-19,86,2,31055
2020-01-20,-15,-15,-22,-26,-26,4,-19,-19,5,235,1043,9,0.0,0.0,6.6,-20,92,1,31055
2020-01-21,-7,-7,-20,-20,-20,4,-13,-13,11,181,1032,19,0.0,0.0,9.8,-14,89,2,31055
2020-01-22,1,1,0,-4,-4,2,1,1,11,174,1014,18,13.2,2.2,4.9,1,98,1,31055
2020-01-23,0,0,-7,-5,-5,1,-1,0,9,338,1015,14,8.2,4.8,4.9,-1,97,1,31055
2020-01-24,-3,-3,-11,-11,-11,4,-5,-5,11,330,1020,16,0.6,0.6,4.9,-6,94,1,31055
2020-01-25,-1,-1,-9,-8,-8,2,-5,-5,4,231,1019,8,0.0,0.0,8.3,-6,94,1,31055
2020-01-26,2,2,-5,-5,-5,4,-2,-1,5,284,1016,10,0.0,0.0,8.3,-2,93,1,31055
2020-01-27,0,0,-4,-6,-6,5,-2,-2,7,349,1020,12,0.1,0.0,5.0,-3,93,1,31055
2020-01-28,-2,-2,-5,-5,-5,4,-3,-3,3,208,1022,5,0.2,0.0,5.0,-4,93,1,31055
2020-01-29,-1,-1,-7,-5,-5,3,-4,-4,2,203,1023,3,2.4,1.3,5.0,-4,95,1,31055
2020-01-30,1,1,-2,-4,-4,5,0,0,8,184,1019,13,0.1,0.1,5.0,0,98,1,31055
2020-01-31,1,1,-1,-4,-4,3,0,1,8,306,1018,11,0.2,0.1,5.0,-1,96,1,31055
2020-02-01,7,7,-3,-3,-3,6,1,2,9,244,1015,17,0.0,0.0,10.0,-1,88,2,31055
2020-02-02,8,8,2,2,2,6,5,6,9,307,1009,18,0.0,0.0,10.1,0,76,3,31055
2020-02-03,-1,-1,-4,-8,-8,5,-1,-1,16,31,1010,23,0.5,0.3,5.0,-4,85,1,31055
2020-02-04,-3,-3,-6,-12,-12,6,-5,-5,15,23,1023,19,0.1,0.0,8.3,-11,65,1,31055
2020-02-05,-1,-1,-7,-8,-8,6,-4,-4,5,76,1020,7,0.0,0.0,10.0,-12,58,1,31055
2020-02-06,2,2,-6,-7,-7,6,-3,-2,7,205,1007,11,0.0,0.0,10.2,-8,64,2,31055
2020-02-07,-3,-3,-7,-10,-10,4,-4,-5,12,334,1012,15,1.5,0.9,10.0,-8,74,1,31055
2020-02-08,4,4,-9,-8,-8,6,-3,-3,9,174,1020,14,0.0,0.0,10.0,-8,71,2,31055
2020-02-09,2,2,-3,-5,-5,6,0,1,15,333,1017,21,0.0,0.0,10.0,-3,79,1,31055
2020-02-10,6,6,-4,-4,-4,6,0,1,7,236,1023,10,0.0,0.0,10.3,-6,67,2,31055
2020-02-11,5,5,-2,-4,-4,6,0,1,9,279,1024,15,0.0,0.0,10.3,-6,65,2,31055
2020-02-12,4,4,-2,-3,-3,5,2,2,17,266,1015,24,0.0,0.0,6.8,-7,66,1,31055
2020-02-13,-11,-11,-17,-22,-22,6,-14,-15,12,350,1034,14,0.0,0.0,10.3,-26,36,2,31055
2020-02-14,0,0,-12,-15,-15,6,-7,-6,16,185,1028,22,0.0,0.0,10.4,-18,42,2,31055
2020-02-15,6,6,-4,-3,-3,6,1,2,9,313,1018,14,0.0,0.0,10.4,-6,64,2,31055
2020-02-16,9,9,-1,0,0,6,3,4,8,208,1016,13,0.0,0.0,10.0,-2,69,1,31055
2020-02-17,9,9,-1,0,0,4,4,6,12,271,1012,17,3.8,0.0,5.4,2,87,2,31055
2020-02-18,4,4,-3,-4,-4,6,0,0,8,345,1028,11,0.0,0.0,10.9,-6,66,2,31055
2020-02-19,-5,-5,-8,-12,-12,4,-6,-5,11,37,1038,14,1.1,0.9,5.4,-9,79,1,31055
2020-02-20,-1,-1,-11,-11,-11,5,-7,-7,6,274,1043,9,0.1,0.1,10.9,-16,48,2,31055
2020-02-21,8,8,-5,-6,-6,6,0,1,14,216,1031,22,0.0,0.0,11.0,-7,58,2,31055
2020-02-22,11,11,-1,0,0,6,4,5,10,210,1019,17,0.0,0.0,11.0,0,77,2,31055
2020-02-23,12,12,2,5,5,6,7,7,5,107,1015,9,0.0,0.0,10.1,-1,62,3,31055
2020-02-24,7,7,0,-2,-2,6,2,3,10,37,1013,14,0.0,0.0,8.6,-3,71,2,31055
2020-02-25,1,1,-2,-7,-7,4,-1,0,16,19,1020,21,0.1,0.0,5.5,-5,75,1,31055
2020-02-26,0,0,-6,-9,-9,5,-3,-3,13,343,1028,17,0.1,0.0,11.1,-11,56,2,31055
2020-02-27,5,5,-3,-3,-3,6,0,1,7,332,1022,10,0.0,0.0,10.1,-6,66,1,31055
2020-02-28,6,6,-1,-1,-1,6,2,4,8,329,1021,13,0.0,0.0,8.6,-1,79,1,31055
2020-02-29,15,15,-1,3,3,6,6,7,12,193,1016,20,0.0,0.0,10.1,0,70,2,31055
2020-03-01,12,12,4,5,5,6,8,9,11,348,1008,18,0.0,0.0,11.6,1,64,2,31055
2020-03-02,9,9,0,1,1,6,4,4,8,269,1012,12,0.0,0.0,11.6,-3,63,2,31055
2020-03-03,13,13,2,5,5,6,8,8,12,287,1007,20,0.0,0.0,11.6,-2,53,3,31055
2020-03-04,15,15,3,6,6,6,8,9,10,271,1014,17,0.0,0.0,11.6,0,57,3,31055
2020-03-05,11,11,4,4,4,6,8,8,19,314,1021,27,0.0,0.0,11.6,-3,50,3,31055
2020-03-06,11,11,-2,1,1,6,4,5,8,115,1032,13,0.0,0.0,11.6,-4,58,2,31055
2020-03-07,18,18,5,9,9,6,11,12,17,194,1020,28,0.0,0.0,11.6,0,46,4,31055
2020-03-08,19,19,9,12,12,6,14,14,18,193,1011,27,0.0,0.0,11.6,6,58,4,31055
2020-03-09,6,6,1,2,2,5,6,5,13,238,1016,17,11.2,0.0,7.3,3,83,1,31055
2020-03-10,10,10,-1,1,1,6,4,4,6,164,1023,10,0.1,0.0,11.6,-1,71,1,31055
2020-03-11,17,17,2,8,8,6,9,9,8,221,1014,14,0.0,0.0,11.6,3,69,3,31055
2020-03-12,13,13,5,8,8,6,11,11,16,337,1009,23,1.9,0.0,8.8,4,63,3,31055
2020-03-13,8,8,1,2,2,5,4,5,5,131,1027,9,0.8,0.0,7.4,-5,52,1,31055
2020-03-14,2,2,0,-3,-3,2,1,1,11,87,1032,15,21.6,17.0,6.0,0,94,1,31055
2020-03-15,3,3,-2,-3,-3,6,1,1,8,141,1035,11,0.3,0.1,7.4,-2,82,1,31055
2020-03-16,7,7,-1,1,1,5,3,4,5,219,1025,7,0.0,0.0,7.4,1,87,1,31055
2020-03-17,10,10,0,2,2,6,4,5,7,122,1025,10,0.0,0.0,10.2,0,74,2,31055
2020-03-18,12,12,6,7,7,4,9,9,7,136,1014,10,0.8,0.0,6.0,8,92,2,31055
2020-03-19,20,20,10,13,13,5,15,15,11,191,1007,18,11.8,0.0,6.0,10,89,4,31055
2020-03-20,1,1,-6,-9,-9,4,-2,-3,17,353,1033,21,1.6,0.0,11.6,-9,62,2,31055
2020-03-21,7,7,-5,-3,-3,6,0,1,8,174,1032,11,0.0,0.0,11.6,-7,63,2,31055
2020-03-22,7,7,-1,-1,-1,6,3,4,10,150,1021,14,0.0,0.0,6.1,1,85,1,31055
2020-03-23,11,11,3,4,4,4,6,7,8,163,1019,11,0.0,0.0,7.5,5,89,2,31055
2020-03-24,12,12,4,5,5,5,8,8,9,152,1013,14,0.0,0.0,6.1,6,90,2,31055
2020-03-25,19,19,7,11,11,5,13,14,12,198,1007,17,0.0,0.0,11.6,8,82,4,31055
2020-03-26,12,12,5,5,5,6,7,7,10,46,1009,14,0.0,0.0,6.1,5,84,2,31055
2020-03-27,10,10,7,7,7,6,8,9,7,64,1007,10,0.0,0.0,6.2,7,89,2,31055
2020-03-28,16,16,6,10,10,6,12,12,13,146,998,19,6.1,0.0,6.2,6,84,3,31055
2020-03-29,15,15,4,6,6,6,9,10,15,306,1013,22,0.0,0.0,11.6,1,56,4,31055
2020-03-30,17,17,5,10,10,6,11,12,8,119,1021,12,0.0,0.0,10.2,2,55,4,31055
2020-03-31,17,17,7,11,11,6,12,13,7,171,1016,11,2.0,0.0,7.6,6,66,3,31055
2020-04-01,21,21,9,13,13,6,15,15,14,177,1010,21,1.7,0.0,11.6,9,71,5,31055
2020-04-02,14,14,8,11,11,4,13,14,14,160,1011,19,7.2,0.0,6.2,8,83,3,31055
2020-04-03,6,6,-3,-5,-5,5,0,1,15,341,1024,18,0.0,0.0,10.3,-5,66,1,31055
2020-04-04,10,10,-3,0,0,6,3,4,6,109,1024,8,0.0,0.0,11.6,-6,56,2,31055
2020-04-05,15,15,0,5,5,6,8,8,10,161,1018,15,0.0,0.0,11.6,3,73,3,31055
2020-04-06,19,19,9,12,12,6,14,14,11,172,1009,16,3.1,0.0,6.5,11,86,3,31055
2020-04-07,24,24,12,18,18,6,18,20,8,296,1006,13,1.1,0.0,11.6,11,67,5,31055
2020-04-08,18,18,9,14,14,6,14,16,12,341,1010,16,0.0,0.0,11.6,7,60,5,31055
2020-04-09,9,9,1,2,2,6,6,7,15,321,1019,20,0.0,0.0,11.6,-5,45,3,31055
2020-04-10,11,11,-2,2,2,6,4,6,9,206,1019,13,0.0,0.0,10.4,-6,48,2,31055
2020-04-11,16,16,5,8,8,5,10,11,8,92,1004,14,0.6,0.0,6.8,6,74,3,31055
2020-04-12,6,6,-2,-3,-3,4,3,2,22,356,1008,29,3.9,0.5,6.8,0,83,1,31055
2020-04-13,4,4,-5,-6,-6,6,0,1,14,299,1023,19,0.0,0.0,11.6,-9,52,2,31055
2020-04-14,7,7,-4,-3,-3,6,1,3,10,281,1023,13,0.1,0.0,9.2,-8,52,1,31055
2020-04-15,10,10,-3,2,2,6,3,4,6,220,1021,8,0.0,0.0,11.6,-6,54,2,31055
2020-04-16,4,4,-1,-4,-4,1,1,1,12,65,1025,16,21.4,17.3,6.8,-1,88,1,31055
2020-04-17,6,6,-4,-2,-2,5,2,2,9,254,1022,14,3.6,3.9,11.6,-1,84,2,31055
2020-04-18,18,18,1,7,7,6,10,10,13,228,1011,20,0.5,0.0,11.6,3,69,4,31055
2020-04-19,15,15,7,10,10,6,12,12,8,34,1011,13,0.0,0.0,11.6,5,67,4,31055
2020-04-20,19,19,7,12,12,5,12,13,9,274,1010,13,0.3,0.0,11.6,5,61,4,31055
2020-04-21,19,19,7,12,12,6,13,14,7,213,1014,11,0.0,0.0,11.6,7,66,4,31055
2020-04-22,23,23,12,16,16,5,17,18,8,228,1007,13,3.5,0.0,10.4,10,68,4,31055
2020-04-23,23,23,11,17,17,5,18,19,6,313,1003,10,2.6,0.0,9.3,9,63,4,31055
2020-04-24,18,18,11,13,13,5,14,15,9,121,1009,13,4.1,0.0,6.9,10,78,4,31055
2020-04-25,17,17,8,13,13,5,14,14,7,338,1016,12,7.5,0.0,9.3,7,71,3,31055
2020-04-26,21,21,8,13,13,6,14,15,7,227,1018,13,0.4,0.0,11.6,7,64,5,31055
2020-04-27,25,25,11,17,17,6,18,19,9,165,1012,15,1.3,0.0,11.6,11,68,5,31055
2020-04-28,21,21,13,17,17,6,18,19,13,317,1008,19,2.1,0.0,10.4,11,71,5,31055
2020-04-29,18,18,10,12,12,5,13,14,16,347,1014,23,5.1,0.0,7.0,8,72,3,31055
2020-04-30,21,21,9,15,15,6,16,16,6,70,1015,11,0.0,0.0,10.4,8,64,4,31055
2020-05-01,27,27,13,19,19,6,21,20,10,218,1008,16,0.0,0.0,11.6,12,63,6,31055
2020-05-02,21,21,15,17,17,6,18,19,9,127,1014,14,0.0,0.0,10.5,10,62,4,31055
2020-05-03,21,21,12,16,16,5,16,17,5,203,1016,9,0.6,0.0,9.3,7,57,4,31055
2020-05-04,13,13,11,11,11,4,12,12,8,126,1013,13,23.3,0.0,7.0,10,84,3,31055
2020-05-05,17,17,8,11,11,6,13,13,15,327,1016,21,1.2,0.0,10.5,6,70,3,31055
2020-05-06,14,14,6,9,9,6,11,11,7,334,1024,10,0.3,0.0,9.3,5,73,3,31055
2020-05-07,13,13,7,7,7,4,9,10,7,155,1018,11,1.6,0.0,7.1,6,79,3,31055
2020-05-08,12,12,3,5,5,5,8,8,12,226,1024,17,15.9,0.0,11.6,2,66,3,31055
2020-05-09,15,15,5,7,7,6,9,11,10,241,1022,15,1.9,0.0,9.4,4,68,3,31055
2020-05-10,11,11,2,2,2,6,6,7,16,327,1027,21,0.0,0.0,11.6,0,64,3,31055
2020-05-11,11,11,2,5,5,6,7,8,6,336,1027,9,0.0,0.0,10.5,-1,60,2,31055
2020-05-12,14,14,4,8,8,6,9,11,6,138,1022,9,0.0,0.0,8.2,3,64,3,31055
2020-05-13,12,12,5,6,6,6,8,9,11,155,1014,16,0.0,0.0,7.1,8,91,2,31055
2020-05-14,23,23,14,19,19,5,20,20,7,264,1007,12,0.8,0.0,8.3,15,82,5,31055
2020-05-15,22,22,12,16,16,6,17,17,8,82,1013,13,0.0,0.0,11.6,9,66,5,31055
2020-05-16,22,22,14,17,17,5,18,18,8,235,1009,11,12.2,0.0,7.2,14,83,4,31055
2020-05-17,23,23,13,18,18,6,19,18,8,149,1016,11,0.9,0.0,11.6,13,79,4,31055
2020-05-18,17,17,10,12,12,6,13,14,12,122,1015,17,0.1,0.0,8.3,10,81,3,31055
2020-05-19,19,19,10,14,14,6,14,16,6,58,1016,9,0.1,0.0,9.4,11,82,4,31055
2020-05-20,20,20,13,17,17,5,17,17,8,127,1016,11,0.6,0.0,7.2,14,85,4,31055
2020-05-21,22,22,14,17,17,6,18,18,12,138,1013,16,1.9,0.0,10.1,15,85,4,31055
2020-05-22,20,20,15,17,17,4,17,18,11,135,1010,20,43.4,0.0,9.0,16,92,4,31055
2020-05-23,24,24,16,19,19,4,19,20,7,210,1008,12,14.6,0.0,11.4,16,84,4,31055
2020-05-24,27,27,18,23,24,5,24,24,13,172,1007,22,20.0,0.0,11.4,19,84,5,31055
2020-05-25,18,18,11,16,16,5,17,17,9,229,1012,13,7.1,0.0,9.3,15,93,4,31055
2020-05-26,18,18,15,16,16,5,16,16,12,236,1009,17,23.4,0.0,9.3,15,95,4,31055
2020-05-27,21,21,15,17,17,6,17,18,8,122,1012,12,0.2,0.0,9.3,15,88,4,31055
2020-05-28,24,24,16,19,19,6,20,21,13,352,1015,20,0.0,0.0,14.5,14,74,6,31055
2020-05-29,22,22,12,16,16,6,17,18,7,340,1021,11,0.0,0.0,14.5,11,70,5,31055
2020-05-30,19,19,13,15,15,6,16,16,7,98,1023,10,1.8,0.0,12.4,12,80,4,31055
2020-05-31,23,23,14,18,18,6,19,19,12,152,1021,18,0.6,0.0,9.4,15,82,4,31055
2020-06-01,29,29,19,24,25,6,25,25,18,208,1013,27,0.4,0.0,14.5,19,74,6,31055
2020-06-02,31,31,20,25,28,5,28,26,12,210,1010,19,4.6,0.0,13.5,20,75,7,31055
2020-06-03,29,29,19,24,25,6,25,25,7,39,1010,11,0.0,0.0,14.5,18,74,6,31055
2020-06-04,30,30,18,24,25,5,25,25,6,119,1006,10,3.5,0.0,13.5,19,77,5,31055
2020-06-05,30,30,21,26,28,6,28,27,9,37,1010,14,0.7,0.0,14.5,21,77,7,31055
2020-06-06,31,31,20,25,29,6,29,25,14,136,1012,22,5.2,0.0,10.4,22,82,6,31055
2020-06-07,31,31,24,27,30,6,30,28,16,177,1008,24,0.0,0.0,14.5,22,76,7,31055
2020-06-08,31,31,23,26,29,6,29,27,17,170,1005,25,0.0,0.0,14.5,21,72,7,31055
2020-06-09,29,29,21,24,26,5,26,25,12,182,1000,21,17.5,0.0,11.4,19,82,6,31055
2020-06-10,22,22,13,16,16,5,17,18,19,329,1009,30,23.5,0.0,12.5,12,74,4,31055
2020-06-11,28,28,14,21,21,6,21,22,7,279,1020,12,0.0,0.0,14.5,12,61,6,31055
2020-06-12,29,29,17,23,24,6,24,24,7,103,1023,11,0.0,0.0,14.5,16,67,6,31055
2020-06-13,29,29,18,23,25,6,25,25,12,141,1018,18,1.7,0.0,14.5,19,76,6,31055
2020-06-14,30,30,20,25,26,6,26,25,17,168,1016,25,0.1,0.0,14.5,19,72,7,31055
2020-06-15,30,30,21,25,27,6,27,26,14,174,1018,22,0.0,0.0,15.5,19,68,7,31055
2020-06-16,30,30,21,25,27,6,27,27,15,171,1017,23,0.1,0.0,15.5,19,70,7,31055
2020-06-17,30,30,21,25,27,6,27,26,17,165,1013,25,0.2,0.0,15.5,20,73,6,31055
2020-06-18,28,28,20,24,26,4,26,25,12,198,1012,21,37.7,0.0,13.6,19,79,6,31055
2020-06-19,23,23,16,19,19,5,20,21,8,20,1015,12,13.9,0.0,13.6,17,86,5,31055
2020-06-20,24,24,16,19,19,6,20,20,5,221,1012,8,2.3,0.0,13.5,16,84,4,31055
2020-06-21,30,30,18,23,25,5,25,25,8,203,1008,13,8.8,0.0,11.6,19,80,5,31055
2020-06-22,26,26,17,21,23,5,23,22,7,343,1010,11,5.2,0.0,15.5,18,83,5,31055
2020-06-23,24,24,13,19,19,6,20,20,9,323,1014,14,0.1,0.0,15.5,14,76,4,31055
2020-06-24,26,26,15,21,21,6,21,22,4,121,1013,6,0.0,0.0,15.5,15,72,6,31055
2020-06-25,30,30,16,23,25,6,25,24,10,171,1011,17,0.1,0.0,15.5,18,74,6,31055
2020-06-26,30,30,22,26,29,6,29,27,8,255,1009,13,1.8,0.0,15.5,20,72,7,31055
2020-06-27,28,28,20,24,26,4,26,25,6,105,1008,9,2.5,0.0,15.5,21,83,7,31055
2020-06-28,31,31,20,25,28,5,28,25,14,156,1002,24,33.8,0.0,13.5,22,86,6,31055
2020-06-29,27,27,23,25,28,5,28,26,14,166,1004,21,0.2,0.0,13.5,23,86,6,31055
2020-06-30,27,27,24,25,28,5,28,26,13,142,1004,19,0.5,0.0,11.6,24,90,6,31055
2020-07-01,30,30,20,25,28,4,28,26,5,86,1010,9,45.1,0.0,15.5,21,82,7,31055
2020-07-02,30,30,20,25,27,4,27,26,6,97,1015,10,0.0,0.0,15.5,22,84,7,31055
2020-07-03,30,30,22,25,28,4,28,26,7,119,1016,11,2.6,0.0,15.4,22,83,6,31055
2020-07-04,29,29,20,25,27,4,27,26,6,97,1016,9,3.2,0.0,15.4,21,81,7,31055
2020-07-05,29,29,20,25,27,5,27,26,5,166,1014,7,2.3,0.0,13.5,21,82,6,31055
2020-07-06,30,30,21,26,28,6,28,27,6,185,1014,9,1.6,0.0,15.4,21,79,6,31055
2020-07-07,31,31,21,26,29,6,29,27,8,165,1013,12,2.5,0.0,15.4,22,82,6,31055
2020-07-08,32,32,22,27,30,6,30,28,11,191,1009,17,0.0,0.0,15.0,22,77,7,31055
2020-07-09,30,30,17,24,26,5,26,25,4,108,1010,7,15.8,0.0,13.4,20,79,6,31055
2020-07-10,29,29,20,24,26,6,26,26,5,195,1015,8,0.0,0.0,11.6,19,74,7,31055
2020-07-11,29,29,21,25,28,5,28,27,6,287,1014,9,10.2,0.0,11.6,21,80,7,31055
2020-07-12,27,27,16,22,23,6,23,22,6,141,1014,10,0.0,0.0,11.6,17,76,6,31055
2020-07-13,30,30,18,24,26,5,26,25,11,171,1010,17,0.0,0.0,11.6,20,81,7,31055
2020-07-14,28,28,16,22,25,5,25,24,9,233,1011,14,2.7,0.0,7.3,20,83,5,31055
2020-07-15,24,24,17,20,20,6,21,21,8,28,1015,12,2.8,0.0,8.3,17,85,5,31055
2020-07-16,29,29,17,23,24,3,24,24,6,193,1016,9,0.2,0.0,11.6,19,83,6,31055
2020-07-17,30,30,21,24,27,5,27,26,11,161,1013,18,5.1,0.0,9.4,23,89,6,31055
2020-07-18,35,35,24,29,34,6,34,30,11,204,1007,19,2.6,0.0,11.6,23,73,7,31055
2020-07-19,29,29,18,24,25,6,25,24,6,139,1014,11,0.6,0.0,11.6,19,77,6,31055
2020-07-20,27,27,19,22,24,6,24,23,8,138,1014,12,1.6,0.0,8.3,19,84,5,31055
2020-07-21,27,27,19,23,25,5,25,24,4,160,1013,7,11.9,0.0,7.2,21,87,5,31055
2020-07-22,27,27,17,22,23,6,23,23,5,39,1016,8,0.0,0.0,11.6,18,78,6,31055
2020-07-23,30,30,19,24,27,6,27,25,10,155,1016,15,2.2,0.0,8.3,21,86,6,31055
2020-07-24,31,31,22,26,30,6,30,28,12,178,1015,18,1.5,0.0,11.6,23,84,7,31055
2020-07-25,31,31,23,27,31,5,31,28,13,191,1013,21,3.4,0.0,11.6,23,82,7,31055
2020-07-26,32,32,23,27,32,5,32,28,8,230,1013,14,15.7,0.0,11.6,24,84,6,31055
2020-07-27,27,27,18,23,24,5,24,23,8,34,1017,12,12.7,0.0,11.6,18,78,6,31055
2020-07-28,28,28,17,23,24,5,24,24,9,207,1014,13,0.0,0.0,11.6,18,79,6,31055
2020-07-29,29,29,21,24,26,3,26,26,5,111,1011,10,15.7,0.0,7.1,21,88,6,31055
2020-07-30,26,26,20,22,24,5,24,23,10,35,1014,15,3.9,0.0,9.4,19,85,5,31055
2020-07-31,25,25,16,21,21,4,22,22,7,11,1016,11,0.8,0.0,7.1,17,83,5,31055
2020-08-01,27,27,16,21,22,6,22,22,7,311,1014,12,4.6,0.0,9.4,17,82,5,31055
2020-08-02,24,24,14,19,19,6,20,20,12,119,1016,18,0.0,0.0,11.6,15,77,6,31055
2020-08-03,22,22,12,17,17,5,18,18,6,45,1020,10,0.0,0.0,11.6,12,77,5,31055
2020-08-04,22,22,12,17,17,6,18,19,4,159,1020,6,0.0,0.0,11.6,13,77,5,31055
2020-08-05,25,25,16,19,19,6,20,20,11,184,1016,16,0.3,0.0,8.2,15,77,5,31055
2020-08-06,27,27,16,21,21,5,23,22,10,170,1014,17,9.8,0.0,7.1,20,91,5,31055
2020-08-07,25,25,20,22,24,6,24,22,13,164,1013,19,0.2,0.0,7.0,21,91,5,31055
2020-08-08,31,31,21,26,30,5,30,27,11,168,1011,17,0.0,0.0,11.6,23,84,7,31055
2020-08-09,32,32,22,27,31,5,31,28,9,186,1010,15,0.0,0.0,11.6,23,81,7,31055
2020-08-10,26,26,18,22,23,6,23,23,10,31,1013,15,2.2,0.0,9.3,18,82,5,31055
2020-08-11,27,27,16,21,23,4,23,23,7,135,1015,11,0.2,0.0,11.6,17,79,6,31055
2020-08-12,29,29,22,25,28,4,28,26,10,164,1014,15,0.9,0.0,7.0,22,89,6,31055
2020-08-13,30,30,20,25,27,5,27,26,10,172,1013,16,0.4,0.0,10.4,22,84,6,31055
2020-08-14,30,30,21,25,28,4,28,27,9,184,1013,14,8.1,0.0,9.3,22,85,6,31055
2020-08-15,27,27,14,21,21,6,21,22,7,88,1017,11,1.5,0.0,11.6,15,72,6,31055
2020-08-16,29,29,16,22,24,6,24,24,8,228,1018,13,0.7,0.0,11.6,16,71,6,31055
2020-08-17,27,27,16,22,23,6,23,23,8,239,1020,13,0.0,0.0,11.6,16,74,6,31055
2020-08-18,28,28,15,21,22,6,22,22,5,94,1019,7,0.0,0.0,11.6,16,74,6,31055
2020-08-19,27,27,14,20,22,5,22,22,8,172,1017,13,0.0,0.0,11.6,16,77,6,31055
2020-08-20,29,29,16,22,24,6,24,24,11,190,1012,17,0.0,0.0,11.6,18,78,6,31055
2020-08-21,31,31,18,24,25,5,25,25,10,182,1010,16,9.0,0.0,9.2,19,77,5,31055
2020-08-22,33,33,19,26,27,6,27,27,9,203,1010,14,0.0,0.0,11.6,18,67,7,31055
2020-08-23,34,34,20,26,28,6,28,28,5,168,1012,9,0.0,0.0,11.6,18,64,7,31055
2020-08-24,35,35,20,27,29,6,29,29,9,199,1014,15,0.0,0.0,11.6,17,57,7,31055
2020-08-25,35,35,21,28,29,6,29,29,11,202,1013,18,0.0,0.0,11.6,17,55,7,31055
2020-08-26,34,34,21,28,29,6,29,29,14,202,1010,22,0.0,0.0,11.6,16,52,7,31055
2020-08-27,36,36,23,29,31,6,31,30,11,222,1008,18,0.0,0.0,11.6,19,60,8,31055
2020-08-28,38,38,21,29,31,6,31,31,10,262,1007,17,0.0,0.0,11.6,17,56,7,31055
2020-08-29,28,28,14,22,22,6,22,22,7,36,1014,12,0.0,0.0,11.6,9,49,6,31055
2020-08-30,28,28,13,20,21,6,21,22,13,170,1007,19,0.2,0.0,9.2,11,58,5,31055
2020-08-31,26,26,16,21,21,6,21,21,12,15,1009,18,0.9,0.0,11.6,10,57,6,31055
2020-09-01,27,27,11,20,20,6,20,21,6,118,1011,10,0.0,0.0,11.6,9,56,6,31055
2020-09-02,32,32,15,24,23,6,23,26,8,258,1010,13,0.0,0.0,11.6,8,43,7,31055
2020-09-03,28,28,19,23,23,6,23,24,11,349,1012,18,0.0,0.0,11.6,7,43,6,31055
2020-09-04,32,32,13,22,22,6,22,24,7,231,1019,11,0.0,0.0,11.6,4,35,6,31055
2020-09-05,37,37,16,26,27,6,27,27,8,155,1019,12,0.0,0.0,11.6,11,43,7,31055
2020-09-06,40,40,27,33,34,6,34,34,16,278,1008,25,0.0,0.0,11.6,12,33,8,31055
2020-09-07,24,24,15,19,19,6,20,21,15,61,1012,22,0.0,0.0,11.6,6,43,6,31055
